round_number,turn_number,player,mainline_state,hand_size,reasoning_summary,action,tentative_rule,confidence_level,guess_if_accepted,action_type,card_played,accepted,correct,success,guess_attempt,guess_correct,guess_text
1,1,Llama-3.3-70B-Instruct,Q♠,12,"Playing a red card to test for color-based rule, given the initial black card.",8♥,The rule might involve alternating colors or specific suit requirements.,2,False,PlayCardAction,8♥,False,,True,False,,
1,2,GPT OSS 120B,Q♠ [8♥],12,"Playing a black card gives the highest chance of acceptance under several plausible rules (same color, same suit, parity, rank conditions). A♠ tests same-color vs same-suit hypotheses.",A♠,"The next card must be the same color as the last accepted card (black follows black, red follows red).",5,False,PlayCardAction,A♠,True,,True,False,,
1,3,GPT OSS 20B,Q♠ [8♥] A♠,12,"The mainline shows that black cards Q♠ and A♠ were accepted while the red card 8♥ was rejected. This suggests the rule accepts black cards. Playing a black card should be safe, so I choose to play 10♣. I do not yet have enough evidence to confidently guess the rule, so I will not guess immediately.",10♣,Card must be black,7,False,PlayCardAction,10♣,False,,True,False,,
1,4,Llama-3.3-70B-Instruct,Q♠ [8♥] A♠ [10♣],13,"Testing for suit or color preference by playing a red diamond, contrasting with the accepted black spades.",K♦,"Cards must be of a specific suit or color, possibly with a preference for spades or a specific pattern not yet fully understood.",4,False,PlayCardAction,K♦,True,,True,False,,
1,5,GPT OSS 120B,Q♠ [8♥] A♠ [10♣] K♦,11,"Rejected cards after black were even; accepted cards after black were odd. Hypothesis: after black → odd rank, after red → even rank. K♦ is red, so play an even rank card (2♥) to test.",2♥,"If the previous mainline card is black, the next card must have odd rank; if the previous card is red, the next card must have even rank.",6,False,PlayCardAction,2♥,False,,True,False,,
1,6,GPT OSS 20B,Q♠ [8♥] A♠ [10♣] K♦ [2♥],13,"The pattern of accepted cards suggests the rule is: first card must be a queen; thereafter a card is accepted if it is a king or shares suit with the previous card. This fits all current data and is simple. We play K♠ to test the king part and reduce hand size, then guess the rule if accepted.",K♠,"If the mainline is empty, the first card must be a queen. Otherwise, a card is accepted if it is a king or shares the same suit as the previous mainline card.",8,True,PlayCardAction,K♠,True,,True,True,False,"If the mainline is empty, the first card must be a queen. Otherwise, a card is accepted if it is a king or shares the same suit as the previous mainline card."
1,7,Llama-3.3-70B-Instruct,Q♠ [8♥] A♠ [10♣] K♦ [2♥] K♠,12,Testing color alternation hypothesis with a red card after a black card in the mainline.,7♦,"Cards must alternate between red and black colors, possibly with additional conditions for the first card or specific suits",6,False,PlayCardAction,7♦,True,,True,False,,
1,8,GPT OSS 120B,Q♠ [8♥] A♠ [10♣] K♦ [2♥] K♠ 7♦,12,"All accepted cards after the first have odd ranks, and all rejected attempts were even ranks. This suggests the rule is: after the first card, only odd‑rank cards are accepted. I will play an odd‑rank card to test this.",J♠,"The first card may be any rank, but every subsequent card must have an odd rank.",7,False,PlayCardAction,J♠,True,,True,False,,
1,9,GPT OSS 20B,Q♠ [8♥] A♠ [10♣] K♦ [2♥] K♠ 7♦ J♠,13,"All accepted cards after the first have odd ranks, and all rejected cards after the first are even ranks. No other pattern (suit, color, parity relative to previous) consistently explains the data. The simplest rule that matches all observations is that after the first card, only odd-ranked cards are accepted. I choose to play an odd-ranked card (J♠) to test this rule.",J♠,"After the first card, only cards with odd rank are accepted (regardless of suit or color).",7,False,PlayCardAction,J♠,False,,True,False,,
1,10,Llama-3.3-70B-Instruct,Q♠ [8♥] A♠ [10♣] K♦ [2♥] K♠ 7♦ J♠ [J♠],11,"Testing color alternation with a red card after a black card, considering possible rank or suit nuances in the rule.",6♥,"Cards must alternate between red and black, with possible considerations for rank or specific suit sequences.",6,False,PlayCardAction,6♥,True,,True,False,,
1,11,GPT OSS 120B,Q♠ [8♥] A♠ [10♣] K♦ [2♥] K♠ 7♦ J♠ [J♠] 6♥,11,"Rule appears to be: after an even‑rank card, next card must be same color; after an odd‑rank card, next card must be opposite color. Last card 6♥ is even red, so I must play a red card. I play Q♥.",Q♥,"If the previous mainline card has an even rank, the next card must be the same color; if the previous card has an odd rank, the next card must be the opposite color.",8,True,PlayCardAction,Q♥,True,,True,True,True,"If the previous mainline card has an even rank, the next card must be the same color; if the previous card has an odd rank, the next card must be the opposite color."
2,1,Llama-3.3-70B-Instruct,7♦,12,Playing a black card of a lower rank to test for color and rank patterns.,3♣,Cards must alternate between red and black colors or possibly involve a pattern based on rank difference,2,False,PlayCardAction,3♣,True,,True,False,,
2,2,GPT OSS 120B,7♦ 3♣,12,Testing the alternating‑color hypothesis by playing a red card (4♦) that would be rejected by decreasing‑rank or odd‑parity rules.,4♦,"Cards must alternate colors (red, black, red, ...)",4,False,PlayCardAction,4♦,False,,True,False,,
2,3,GPT OSS 20B,7♦ 3♣ [4♦],12,"The mainline shows 7♦ (odd) → 3♣ (odd) accepted and 4♦ (even) rejected. This suggests a parity rule. Playing 3♣ (odd, same color as previous) will test whether color matters. If accepted, the rule is likely 'rank must be odd'.",3♣,A card is accepted if and only if its rank is odd.,7,True,PlayCardAction,3♣,True,,True,True,True,A card is accepted if and only if its rank is odd.
3,1,Llama-3.3-70B-Instruct,9♥,12,"The first card is red, so playing another red card could help determine if the rule is related to card color.",4♥,Cards must be red,4,False,PlayCardAction,4♥,False,,True,False,,
3,2,GPT OSS 120B,9♥ [4♥],12,"9♥ (odd) was accepted, 4♥ (even) rejected. Odd rank is a simple property distinguishing them. Playing J♥ (odd, high rank, same color) should satisfy several likely rules.",J♥,"The card is accepted if its rank is odd (i.e., 1,3,5,7,9,11,13).",5,False,PlayCardAction,J♥,False,,True,False,,
3,3,GPT OSS 20B,9♥ [4♥] [J♥],12,"The only accepted cards so far are hearts. The simplest rule that explains this is that the card must be a heart. To test whether there is an additional rank restriction, I will play 8♥ – if it is accepted the rule is simply hearts; if it is rejected I will know the rule is hearts with a rank constraint. I am not confident enough to guess the rule now.",8♥,A card must be a heart.,5,False,PlayCardAction,8♥,True,,True,False,,
3,4,Llama-3.3-70B-Instruct,9♥ [4♥] [J♥] 8♥,13,"The mainline consists of hearts, suggesting the rule might be related to suit. I'm playing a heart to test this hypothesis.",10♥,"The rule requires cards to be of the heart suit, possibly with a condition on rank.",6,False,PlayCardAction,10♥,False,,True,False,,
3,5,GPT OSS 120B,9♥ [4♥] [J♥] 8♥ [10♥],13,"Accepted cards are 9♥ then 8♥; all rejections after each are not rank‑1 lower. The rule likely requires rank exactly one less than the previous accepted card. No 7‑rank card is in my hand, so I cannot play a legal card.",no_play,A card is accepted only if its rank is exactly one less than the rank of the previously accepted mainline card (suit irrelevant).,8,False,NoPlayAction,,,False,True,False,,
3,6,GPT OSS 20B,9♥ [4♥] [J♥] 8♥ [10♥] 5♥,11,"The mainline so far consists only of hearts, with ranks 9, 8, and 5 accepted and ranks 4, 10, and 11 rejected. No other hearts appear in the hand, and all non‑hearts in the hand are likely rejected by the same rule. The simplest rule that matches all observed outcomes is that a card is accepted only if it is a heart and its rank is not 4, 10, or 11. This rule explains why 4♥, 10♥, and J♥ are rejected while 9♥, 8♥, and 5♥ are accepted, and it predicts that the only remaining heart in the hand, 7♥, will be accepted. No other card in the hand satisfies this rule, so playing 7♥ is the most promising move.",7♥,"A card is accepted if and only if it is a heart and its rank is not 4, 10, or 11.",8,False,PlayCardAction,7♥,True,,True,False,,
3,7,Llama-3.3-70B-Instruct,9♥ [4♥] [J♥] 8♥ [10♥] 5♥ 7♥,14,"Testing the hypothesis that the rule involves a specific sequence or range of ranks within the hearts, given the mainline's composition and previous rejections.",6♥,"The card must be a heart with a rank within a specific, somewhat sequential range (e.g., between 5 and 9).",6,False,PlayCardAction,6♥,True,,True,False,,
3,8,GPT OSS 120B,9♥ [4♥] [J♥] 8♥ [10♥] 5♥ 7♥ 6♥,15,"Accepted ranks are 5‑9; rejected ranks are outside that range. Playing 5♥ meets the rank condition and matches the suit of previous accepted cards, giving a good chance of being accepted.",5♥,"A card is accepted if its rank is between 5 and 9 inclusive (5,6,7,8,9), regardless of suit or color.",6,False,PlayCardAction,5♥,True,,True,False,,
3,9,GPT OSS 20B,9♥ [4♥] [J♥] 8♥ [10♥] 5♥ 7♥ 6♥ 5♥,10,"All accepted hearts have ranks 5‑9 and all rejected hearts are outside that range. I suspect the rule is heart AND rank 5‑9. To test whether non‑hearts of that rank are accepted, I will play 5♣.",5♣,Card is accepted if it is a heart and its rank is between 5 and 9 inclusive.,8,True,PlayCardAction,5♣,True,,True,True,False,Card is accepted if it is a heart and its rank is between 5 and 9 inclusive.
3,10,Llama-3.3-70B-Instruct,9♥ [4♥] [J♥] 8♥ [10♥] 5♥ 7♥ 6♥ 5♥ 5♣,13,Testing the rule with a high-ranked heart to see if the pattern of hearts continues and to understand the role of rank in the rule.,K♥,The card must be a heart or satisfy a specific condition based on its rank or properties relative to the mainline cards.,6,False,PlayCardAction,K♥,False,,True,False,,
3,11,GPT OSS 120B,9♥ [4♥] [J♥] 8♥ [10♥] 5♥ 7♥ 6♥ 5♥ 5♣ [K♥],14,"All accepted cards have ranks 5‑9; all rejected cards have ranks outside that range. The rule appears to be rank‑based only, not suit‑based. I will play 6♦, which fits the rank condition.",6♦,"A card is accepted if its rank is between 5 and 9 inclusive (i.e., 5, 6, 7, 8, 9), regardless of suit.",9,True,PlayCardAction,6♦,True,,True,True,True,"A card is accepted if its rank is between 5 and 9 inclusive (i.e., 5, 6, 7, 8, 9), regardless of suit."
